{"stats":{"minecraft:used":{"minecraft:dirt":2},"minecraft:custom":{"minecraft:jump":28,"minecraft:time_since_rest":2111,"minecraft:leave_game":1,"minecraft:sprint_one_cm":7073,"minecraft:play_time":2111,"minecraft:time_since_death":2111,"minecraft:walk_one_cm":2144,"minecraft:total_world_time":2111,"minecraft:fall_one_cm":631,"minecraft:fly_one_cm":8014},"minecraft:picked_up":{"minecraft:wheat_seeds":1,"minecraft:dirt":2},"minecraft:mined":{"minecraft:short_grass":1,"minecraft:grass_block":1,"minecraft:dirt":2}},"DataVersion":3839}